mm	milimetre
cm	santimetre
m	metre
km	kilometre
mg	miligram
g	gram
kg	kilogram
t	ton
mL	mililitre
ml	mililitre
L	litre
l	litre
ms	milisaniye
s	saniye
sn	saniye
min	dakika
dk	dakika
h	saat
sa	saat
m²	metrekare
m2	metrekare
cm²	santimetrekare
cm2	santimetrekare
km²	kilometrekare
km2	kilometrekare
m³	metreküp
m3	metreküp
cm³	santimetreküp
cm3	santimetreküp
s²	saniye kare
s2	saniye kare
°C	santigrat derece
K	kelvin
°	derece
A	amper
mA	miliamper
V	volt
kV	kilovolt
W	vat
kW	kilovat
MW	megavat
kWh	kilovatsaat
Hz	hertz
kHz	kilohertz
MHz	megahertz
GHz	gigahertz
J	jul
N	nevton
bar	bar
